{
    "connections": {
        "default": {
            "server": "dsdk-v0p1-annalect.clf6bikxcquu.us-east-1.redshift.amazonaws.com", 
            "port": 5439, 
            "database": "dsdk", 
            "user": "wenzhao_yang", 
            "password": "Yan5wE6z4", 
            "search_path": "dsdk_metadata_v1,dsdk_events_v1,public", 
            "query_group": "default"
        }, 
        "dcm": {
            "server": "accuen-ms-test.csktdopmxkxl.us-east-1.redshift.amazonaws.com", 
            "port": 5439, 
            "database": "dcm", 
            "user": "wenzhao_yang", 
            "password": "Itie4Quu", 
            "search_path": "dcm_dtv2_events_5589,dcm_dtv2_matchtables_5589", 
            "query_group": "default"
        }, 
        "dt-005": {
            "server": "dt-005.csktdopmxkxl.us-east-1.redshift.amazonaws.com", 
            "port": 5439, 
            "database": "dt", 
            "user": "wenzhao_yang", 
            "password": "Itie4Quu", 
            "search_path": "ttd_v4_acjf93j,public", 
            "query_group": "default"
        }, 
        "dt-007": {
            "server": "dt-007.csktdopmxkxl.us-east-1.redshift.amazonaws.com", 
            "port": 5439, 
            "database": "dt", 
            "user": "wenzhao_yang", 
            "password": "Itie4Quu", 
            "search_path": "dbm_dtv2_events_191,dbm_dtv6_events_191,dbm_dtv6_entity_191,public", 
            "query_group": "default"
        }, 
        "temp": {
            "server": "rush-pg-2.csktdopmxkxl.us-east-1.redshift.amazonaws.com", 
            "port": 5439, 
            "database": "dt", 
            "user": "dtadmin", 
            "password": "Analytics2016", 
            "search_path": "public,princess", 
            "query_group": "default"
        }, 
        "dt-018": {
            "database": "dt", 
            "search_path": "public", 
            "server": "dt-018.csktdopmxkxl.us-east-1.redshift.amazonaws.com", 
            "query_group": "default", 
            "user": "wenzhao_yang", 
            "password": "Itie4Quu", 
            "port": 5439
        }, 
        "dt-019": {
            "database": "dt", 
            "search_path": "public", 
            "server": "dt-019.csktdopmxkxl.us-east-1.redshift.amazonaws.com", 
            "query_group": "default", 
            "user": "wenzhao_yang", 
            "password": "Itie4Quu", 
            "port": 5439
        }, 
        "dt-020": {
            "database": "dt", 
            "search_path": "public", 
            "server": "dt-020.csktdopmxkxl.us-east-1.redshift.amazonaws.com", 
            "query_group": "default", 
            "user": "wenzhao_yang", 
            "password": "Itie4Quu", 
            "port": 5439
        },                     
        "dt-021": {
            "database": "dt", 
            "search_path": "public", 
            "server": "dt-021.csktdopmxkxl.us-east-1.redshift.amazonaws.com", 
            "query_group": "default", 
            "user": "wenzhao_yang", 
            "password": "Itie4Quu", 
            "port": 5439
        },                     
        "dt-022": {
            "database": "dt", 
            "search_path": "public", 
            "server": "dt-022.csktdopmxkxl.us-east-1.redshift.amazonaws.com", 
            "query_group": "default", 
            "user": "wenzhao_yang", 
            "password": "Itie4Quu", 
            "port": 5439
        },                     
        "dt-023": {
            "database": "dt", 
            "search_path": "public", 
            "server": "dt-023.csktdopmxkxl.us-east-1.redshift.amazonaws.com", 
            "query_group": "default", 
            "user": "wenzhao_yang", 
            "password": "Itie4Quu", 
            "port": 5439
        },                     
        "jumpshot": {
            "database": "dt", 
            "search_path": "public", 
            "server": "jumpshot-clickstream.clf6bikxcquu.us-east-1.redshift.amazonaws.com", 
            "query_group": "default", 
            "user": "wenzhao_yang", 
            "password": "fY662028178761215245331489FRVQX", 
            "port": 5439
        }                     
    }, 
    "s3_usage_data": {
        "bucket": "com.accuenbi.projects.bqtcache", 
        "key_prefix": "redshift/usage_data/ds.accuen", 
        "access_key_id": "AKIAJWBCVV5V3JLW64UA", 
        "secret_access_key": "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"
    }
}
