{
    "params":
    {
        "pathInfo":
        {   
            "templateName":"JS_site_index.jinja",
            "SaveAs":"js_test.sql"
        },
        
        "dates":
        {
            "start": "",
            "end":""
        },
        
        "targetInfo":
        {
            "domain": "",
            "event": "",
            "event_detail":"",
            "event_detail2":"",
            "guid":"",  
            "low_threshold": "",
            "high_threshold": "",
            
        },
        
        "appendixInfo":
        {
            "file_name":""
        }     
         
    }
}